{"cameraMode":{"drawMode":0,"name":"Shaded","section":"Shading Mode"},"sceneLighting":true,"audioPlay":false,"sceneViewState":{"showFog":true,"showMaterialUpdate":false,"showSkybox":true,"showFlares":true,"showImageEffects":true,"showParticleSystems":true},"in2DMode":false,"pivot":{"x":-0.0000152587890625,"y":43.69270706176758,"z":0.0000152587890625},"rotation":{"x":-0.31268268823623659,"y":0.5817431211471558,"z":-0.2578902542591095,"w":-0.7052270770072937},"size":557.2140502929688,"orthographic":false}